client_id,age,credit_score,credit_amount,interest_rate,annual_interest_payment,age_group,credit_category
client00001,58,214,239722,20.35,48783.4,40-60 middle,low
client00002,19,381,273232,13.62,37214.2,18-25 young,middle
client00003,33,328,222114,13.62,30251.9,25-40 adult,middle
client00004,26,204,287592,20.35,58525.0,25-40 adult,low
client00005,61,658,89749,9.81,8804.4,60-80 elderly,high
client00006,23,704,98615,6.74,6646.7,18-25 young,high
client00007,45,132,89419,20.35,18196.8,40-60 middle,low
client00008,19,195,137388,20.35,27958.5,18-25 young,low
client00009,31,338,71365,13.62,9719.9,25-40 adult,middle
client00010,50,716,89095,6.74,6005.0,40-60 middle,high
client00011,19,674,91745,9.81,9000.2,18-25 young,high
client00012,30,833,248298,2.35,5835.0,25-40 adult,high
client00013,59,818,466813,2.35,10970.1,40-60 middle,high
client00014,52,529,131325,9.81,12883.0,40-60 middle,high
client00015,32,559,221980,9.81,21776.2,25-40 adult,high
client00016,55,384,233102,13.62,31748.5,40-60 middle,middle
client00017,69,106,223574,20.35,45497.3,60-80 elderly,low
client00018,66,263,152749,20.35,31084.4,60-80 elderly,low
client00019,62,532,83803,9.81,8221.1,60-80 elderly,high
client00020,39,384,205986,13.62,28055.3,25-40 adult,middle
client00021,27,320,235816,13.62,32118.1,25-40 adult,middle
client00022,66,444,295891,13.62,40300.4,60-80 elderly,middle
client00023,24,194,72208,20.35,14694.3,18-25 young,low
client00024,42,199,131155,20.35,26690.0,40-60 middle,low
client00025,40,452,196518,13.62,26765.8,25-40 adult,middle
client00026,56,370,148744,13.62,20258.9,40-60 middle,middle
client00027,69,144,218687,20.35,44502.8,60-80 elderly,low
client00028,64,570,257529,9.81,25263.6,60-80 elderly,high
client00029,52,227,136108,20.35,27698.0,40-60 middle,low
client00030,42,180,263171,20.35,53555.3,40-60 middle,low
client00031,53,400,83500,13.62,11372.7,40-60 middle,middle
client00032,58,733,91958,6.74,6198.0,40-60 middle,high
client00033,41,691,93030,9.81,9126.2,40-60 middle,high
client00034,30,821,969226,2.35,22776.8,25-40 adult,high
client00035,22,146,298278,20.35,60699.6,18-25 young,low
client00036,60,333,243665,13.62,33187.2,40-60 middle,middle
client00037,67,396,229677,13.62,31282.0,60-80 elderly,middle
client00038,23,338,289192,13.62,39388.0,18-25 young,middle
client00039,24,489,187990,13.62,25604.2,18-25 young,middle
client00040,35,564,74498,9.81,7308.3,25-40 adult,high
client00041,58,473,219351,13.62,29875.6,40-60 middle,middle
client00042,28,479,225756,13.62,30748.0,25-40 adult,middle
client00043,40,314,160993,13.62,21927.2,25-40 adult,middle
client00044,60,373,183297,13.62,24965.1,40-60 middle,middle
client00045,62,799,479404,6.74,32311.8,60-80 elderly,high
client00046,59,173,54779,20.35,11147.5,40-60 middle,low
client00047,56,750,480211,6.74,32366.2,40-60 middle,high
client00048,28,646,80120,9.81,7859.8,25-40 adult,high
client00049,64,350,97254,13.62,13246.0,60-80 elderly,middle
client00050,28,573,299343,9.81,29365.5,25-40 adult,high
client00051,42,376,106149,13.62,14457.5,40-60 middle,middle
client00052,58,804,458332,2.35,10770.8,40-60 middle,high
client00053,53,324,298425,13.62,40645.5,40-60 middle,middle
client00054,61,432,250843,13.62,34164.8,60-80 elderly,middle
client00055,67,157,177473,20.35,36115.8,60-80 elderly,low
client00056,32,132,100333,20.35,20417.8,25-40 adult,low
client00057,69,423,109386,13.62,14898.4,60-80 elderly,middle
client00058,43,374,86061,13.62,11721.5,40-60 middle,middle
client00059,22,316,90617,13.62,12342.0,18-25 young,middle
client00060,54,835,180913,2.35,4251.5,40-60 middle,high
client00061,38,317,127540,13.62,17370.9,25-40 adult,middle
client00062,59,611,97670,9.81,9581.4,40-60 middle,high
client00063,43,758,926403,6.74,62439.6,40-60 middle,high
client00064,47,246,76513,20.35,15570.4,40-60 middle,low
client00065,34,242,183087,20.35,37258.2,25-40 adult,low
client00066,33,674,95260,9.81,9345.0,25-40 adult,high
client00067,52,369,191497,13.62,26081.9,40-60 middle,middle
client00068,65,698,97365,9.81,9551.5,60-80 elderly,high
client00069,45,697,94203,9.81,9241.3,40-60 middle,high
client00070,43,470,281651,13.62,38360.9,40-60 middle,middle
client00071,32,241,188027,20.35,38263.5,25-40 adult,low
client00072,50,605,71236,9.81,6988.3,40-60 middle,high
client00073,23,148,223520,20.35,45486.3,18-25 young,low
client00074,25,256,138280,20.35,28140.0,18-25 young,low
client00075,58,263,279741,20.35,56927.3,40-60 middle,low
client00076,68,796,903531,6.74,60898.0,60-80 elderly,high
client00077,45,710,90251,6.74,6082.9,40-60 middle,high
client00078,22,494,84353,13.62,11488.9,18-25 young,middle
client00079,42,710,89570,6.74,6037.0,40-60 middle,high
client00080,47,641,82344,9.81,8077.9,40-60 middle,high
client00081,34,666,75054,9.81,7362.8,25-40 adult,high
client00082,18,796,270128,6.74,18206.6,18-25 young,high
client00083,64,217,97407,20.35,19822.3,60-80 elderly,low
client00084,61,649,97241,9.81,9539.3,60-80 elderly,high
client00085,66,373,231625,13.62,31547.3,60-80 elderly,middle
client00086,67,756,908554,6.74,61236.5,60-80 elderly,high
client00087,39,214,213771,20.35,43502.4,25-40 adult,low
client00088,36,545,262085,9.81,25710.5,25-40 adult,high
client00089,28,564,286625,9.81,28117.9,25-40 adult,high
client00090,18,839,273580,2.35,6429.1,18-25 young,high
client00091,64,369,239053,13.62,32559.0,60-80 elderly,middle
client00092,50,282,164733,20.35,33523.2,40-60 middle,low
client00093,50,208,61453,20.35,12505.7,40-60 middle,low
client00094,58,405,157704,13.62,21479.3,40-60 middle,middle
client00095,58,619,81937,9.81,8038.0,40-60 middle,high
client00096,56,303,227304,13.62,30958.8,40-60 middle,middle
client00097,27,482,238635,13.62,32502.1,25-40 adult,middle
client00098,66,265,112267,20.35,22846.3,60-80 elderly,low
client00099,52,643,84555,9.81,8294.8,40-60 middle,high
client00100,18,713,90007,6.74,6066.5,18-25 young,high
client00101,38,600,79336,9.81,7782.9,25-40 adult,high
client00102,19,214,247234,20.35,50312.1,18-25 young,low
client00103,41,414,246224,13.62,33535.7,40-60 middle,middle
client00104,33,159,255468,20.35,51987.7,25-40 adult,low
client00105,33,680,84710,9.81,8310.1,25-40 adult,high
client00106,23,187,111342,20.35,22658.1,18-25 young,low
client00107,64,597,189987,9.81,18637.7,60-80 elderly,high
client00108,70,170,112696,20.35,22933.6,60-80 elderly,low
client00109,66,645,80140,9.81,7861.7,60-80 elderly,high
client00110,67,228,261975,20.35,53311.9,60-80 elderly,low
client00111,26,775,922471,6.74,62174.5,25-40 adult,high
client00112,48,662,85368,9.81,8374.6,40-60 middle,high
client00113,28,371,286971,13.62,39085.5,25-40 adult,middle
client00114,51,721,97364,6.74,6562.3,40-60 middle,high
client00115,45,316,100860,13.62,13737.1,40-60 middle,middle
client00116,52,847,485709,2.35,11414.2,40-60 middle,high
client00117,62,305,227814,13.62,31028.3,60-80 elderly,middle
client00118,63,419,298284,13.62,40626.3,60-80 elderly,middle
client00119,43,787,698128,6.74,47053.8,40-60 middle,high
client00120,59,482,165499,13.62,22541.0,40-60 middle,middle
client00121,46,629,85128,9.81,8351.1,40-60 middle,high
client00122,46,223,251703,20.35,51221.6,40-60 middle,low
client00123,33,330,123864,13.62,16870.3,25-40 adult,middle
client00124,22,446,253980,13.62,34592.1,18-25 young,middle
client00125,19,702,82513,6.74,5561.4,18-25 young,high
client00126,53,335,181833,13.62,24765.7,40-60 middle,middle
client00127,55,325,188270,13.62,25642.4,40-60 middle,middle
client00128,18,172,159749,20.35,32508.9,18-25 young,low
client00129,63,746,75310,6.74,5075.9,60-80 elderly,high
client00130,21,334,264143,13.62,35976.3,18-25 young,middle
client00131,22,132,102349,20.35,20828.0,18-25 young,low
client00132,39,172,260045,20.35,52919.2,25-40 adult,low
client00133,50,343,208508,13.62,28398.8,40-60 middle,middle
client00134,35,785,245121,6.74,16521.2,25-40 adult,high
client00135,49,319,278852,13.62,37979.6,40-60 middle,middle
client00136,52,235,115536,20.35,23511.6,40-60 middle,low
client00137,64,684,71709,9.81,7034.7,60-80 elderly,high
client00138,54,584,218081,9.81,21393.7,40-60 middle,high
client00139,33,584,175983,9.81,17263.9,25-40 adult,high
client00140,69,516,279144,9.81,27384.0,60-80 elderly,high
client00141,30,196,147311,20.35,29977.8,25-40 adult,low
client00142,24,774,681478,6.74,45931.6,18-25 young,high
client00143,45,462,294919,13.62,40168.0,40-60 middle,middle
client00144,45,520,76893,9.81,7543.2,40-60 middle,high
client00145,47,846,845957,2.35,19880.0,40-60 middle,high
client00146,21,789,986982,6.74,66522.6,18-25 young,high
client00147,59,761,640970,6.74,43201.4,40-60 middle,high
client00148,24,162,273128,20.35,55581.5,18-25 young,low
client00149,43,845,230734,2.35,5422.2,40-60 middle,high
client00150,39,211,124727,20.35,25381.9,25-40 adult,low
client00151,33,296,71987,20.35,14649.4,25-40 adult,low
client00152,30,649,95005,9.81,9320.0,25-40 adult,high
client00153,46,243,92024,20.35,18726.9,40-60 middle,low
client00154,45,287,121510,20.35,24727.3,40-60 middle,low
client00155,35,573,167786,9.81,16459.8,25-40 adult,high
client00156,33,177,287320,20.35,58469.6,25-40 adult,low
client00157,46,663,86821,9.81,8517.1,40-60 middle,high
client00158,24,151,88626,20.35,18035.4,18-25 young,low
client00159,59,653,97231,9.81,9538.4,40-60 middle,high
client00160,18,195,164680,20.35,33512.4,18-25 young,low
client00161,66,342,74042,13.62,10084.5,60-80 elderly,middle
client00162,28,516,298096,9.81,29243.2,25-40 adult,high
client00163,49,592,288683,9.81,28319.8,40-60 middle,high
client00164,31,510,108205,9.81,10614.9,25-40 adult,high
client00165,21,268,264093,20.35,53742.9,18-25 young,low
client00166,42,102,168260,20.35,34240.9,40-60 middle,low
client00167,42,371,281900,13.62,38394.8,40-60 middle,middle
client00168,68,565,141641,9.81,13895.0,60-80 elderly,high
client00169,36,533,293917,9.81,28833.3,25-40 adult,high
client00170,62,848,127965,2.35,3007.2,60-80 elderly,high
client00171,68,669,83595,9.81,8200.7,60-80 elderly,high
client00172,60,835,155843,2.35,3662.3,40-60 middle,high
client00173,49,258,153928,20.35,31324.3,40-60 middle,low
client00174,30,403,181598,13.62,24733.6,25-40 adult,middle
client00175,31,159,148031,20.35,30124.3,25-40 adult,low
client00176,55,655,77725,9.81,7624.8,40-60 middle,high
client00177,21,421,151231,13.62,20597.7,18-25 young,middle
client00178,21,151,71392,20.35,14528.3,18-25 young,low
client00179,55,588,148281,9.81,14546.4,40-60 middle,high
client00180,50,643,77357,9.81,7588.7,40-60 middle,high
client00181,28,158,57389,20.35,11678.7,25-40 adult,low
client00182,50,182,133541,20.35,27175.6,40-60 middle,low
client00183,29,170,294010,20.35,59831.0,25-40 adult,low
client00184,56,169,75974,20.35,15460.7,40-60 middle,low
client00185,61,340,269985,13.62,36772.0,60-80 elderly,middle
client00186,43,222,237355,20.35,48301.7,40-60 middle,low
client00187,54,352,220383,13.62,30016.2,40-60 middle,middle
client00188,55,708,80986,6.74,5458.5,40-60 middle,high
client00189,20,734,95931,6.74,6465.7,18-25 young,high
client00190,23,529,88285,9.81,8660.8,18-25 young,high
client00191,60,697,74508,9.81,7309.2,40-60 middle,high
client00192,54,635,71255,9.81,6990.1,40-60 middle,high
client00193,38,367,125203,13.62,17052.6,25-40 adult,middle
client00194,31,785,970068,6.74,65382.6,25-40 adult,high
client00195,63,421,173851,13.62,23678.5,60-80 elderly,middle
client00196,33,371,232471,13.62,31662.6,25-40 adult,middle
client00197,43,234,267870,20.35,54511.5,40-60 middle,low
client00198,60,760,245534,6.74,16549.0,40-60 middle,high
client00199,37,568,248925,9.81,24419.5,25-40 adult,high
client00200,38,174,234952,20.35,47812.7,25-40 adult,low
client00201,18,569,172974,9.81,16968.7,18-25 young,high
client00202,57,676,84699,9.81,8309.0,40-60 middle,high
client00203,24,175,211309,20.35,43001.4,18-25 young,low
client00204,52,318,51376,13.62,6997.4,40-60 middle,middle
client00205,50,371,287465,13.62,39152.7,40-60 middle,middle
client00206,26,457,70768,13.62,9638.6,25-40 adult,middle
client00207,22,350,54981,13.62,7488.4,18-25 young,middle
client00208,41,391,117088,13.62,15947.4,40-60 middle,middle
client00209,28,548,106532,9.81,10450.8,25-40 adult,high
client00210,52,820,975522,2.35,22924.8,40-60 middle,high
client00211,37,726,74899,6.74,5048.2,25-40 adult,high
client00212,69,769,675462,6.74,45526.1,60-80 elderly,high
client00213,51,108,296474,20.35,60332.5,40-60 middle,low
client00214,60,667,93830,9.81,9204.7,40-60 middle,high
client00215,37,779,738457,6.74,49772.0,25-40 adult,high
client00216,24,237,188352,20.35,38329.6,18-25 young,low
client00217,34,218,160953,20.35,32753.9,25-40 adult,low
client00218,24,666,73643,9.81,7224.4,18-25 young,high
client00219,27,378,253468,13.62,34522.3,25-40 adult,middle
client00220,36,719,79440,6.74,5354.3,25-40 adult,high
client00221,31,834,349183,2.35,8205.8,25-40 adult,high
client00222,39,308,128944,13.62,17562.2,25-40 adult,middle
client00223,61,749,73992,6.74,4987.1,60-80 elderly,high
client00224,34,617,71564,9.81,7020.4,25-40 adult,high
client00225,49,357,112505,13.62,15323.2,40-60 middle,middle
client00226,21,194,160054,20.35,32571.0,18-25 young,low
client00227,58,533,217497,9.81,21336.5,40-60 middle,high
client00228,35,145,258115,20.35,52526.4,25-40 adult,low
client00229,18,441,213266,13.62,29046.8,18-25 young,middle
client00230,67,233,169829,20.35,34560.2,60-80 elderly,low
client00231,58,368,66464,13.62,9052.4,40-60 middle,middle
client00232,28,552,79060,9.81,7755.8,25-40 adult,high
client00233,53,822,977330,2.35,22967.3,40-60 middle,high
client00234,45,674,99659,9.81,9776.5,40-60 middle,high
client00235,18,214,181027,20.35,36839.0,18-25 young,low
client00236,22,807,725726,2.35,17054.6,18-25 young,high
client00237,27,658,87565,9.81,8590.1,25-40 adult,high
client00238,20,478,54308,13.62,7396.7,18-25 young,middle
client00239,55,665,90707,9.81,8898.4,40-60 middle,high
client00240,27,540,185102,9.81,18158.5,25-40 adult,high
client00241,26,142,200745,20.35,40851.6,25-40 adult,low
client00242,37,473,113422,13.62,15448.1,25-40 adult,middle
client00243,68,140,238362,20.35,48506.7,60-80 elderly,low
client00244,40,315,87637,13.62,11936.2,25-40 adult,middle
client00245,61,355,126355,13.62,17209.6,60-80 elderly,middle
client00246,60,205,162522,20.35,33073.2,40-60 middle,low
client00247,40,673,70051,9.81,6872.0,25-40 adult,high
client00248,44,735,90146,6.74,6075.8,40-60 middle,high
client00249,65,258,142488,20.35,28996.3,60-80 elderly,low
client00250,33,266,113062,20.35,23008.1,25-40 adult,low
client00251,69,281,199596,20.35,40617.8,60-80 elderly,low
client00252,44,125,159200,20.35,32397.2,40-60 middle,low
client00253,29,440,99103,13.62,13497.8,25-40 adult,middle
client00254,68,521,224160,9.81,21990.1,60-80 elderly,high
client00255,69,785,800674,6.74,53965.4,60-80 elderly,high
client00256,65,354,72443,13.62,9866.7,60-80 elderly,middle
client00257,35,263,187228,20.35,38100.9,25-40 adult,low
client00258,68,818,478120,2.35,11235.8,60-80 elderly,high
client00259,24,491,67741,13.62,9226.3,18-25 young,middle
client00260,20,581,299929,9.81,29423.0,18-25 young,high
client00261,32,304,187903,13.62,25592.4,25-40 adult,middle
client00262,70,571,192627,9.81,18896.7,60-80 elderly,high
client00263,40,412,182992,13.62,24923.5,25-40 adult,middle
client00264,70,333,256153,13.62,34888.0,60-80 elderly,middle
client00265,32,124,183070,20.35,37254.7,25-40 adult,low
client00266,60,297,195267,20.35,39736.8,40-60 middle,low
client00267,43,436,55330,13.62,7535.9,40-60 middle,middle
client00268,35,171,152355,20.35,31004.2,25-40 adult,low
client00269,67,385,278938,13.62,37991.4,60-80 elderly,middle
client00270,40,756,592972,6.74,39966.3,25-40 adult,high
client00271,50,509,61412,9.81,6024.5,40-60 middle,high
client00272,61,649,90829,9.81,8910.3,60-80 elderly,high
client00273,39,128,151418,20.35,30813.6,25-40 adult,low
client00274,25,367,147858,13.62,20138.3,18-25 young,middle
client00275,29,694,78311,9.81,7682.3,25-40 adult,high
client00276,34,139,245904,20.35,50041.5,25-40 adult,low
client00277,24,710,70532,6.74,4753.9,18-25 young,high
client00278,45,453,143610,13.62,19559.7,40-60 middle,middle
client00279,64,421,256705,13.62,34963.2,60-80 elderly,middle
client00280,45,720,72213,6.74,4867.2,40-60 middle,high
client00281,50,218,140387,20.35,28568.8,40-60 middle,low
client00282,42,690,77901,9.81,7642.1,40-60 middle,high
client00283,30,360,242136,13.62,32978.9,25-40 adult,middle
client00284,20,825,789023,2.35,18542.0,18-25 young,high
client00285,45,101,214693,20.35,43690.0,40-60 middle,low
client00286,51,651,73396,9.81,7200.1,40-60 middle,high
client00287,61,836,908977,2.35,21361.0,60-80 elderly,high
client00288,65,786,710169,6.74,47865.4,60-80 elderly,high
client00289,30,472,242724,13.62,33059.0,25-40 adult,middle
client00290,45,171,248358,20.35,50540.9,40-60 middle,low
client00291,60,438,137167,13.62,18682.1,40-60 middle,middle
client00292,57,421,84972,13.62,11573.2,40-60 middle,middle
client00293,60,227,61622,20.35,12540.1,40-60 middle,low
client00294,64,407,142353,13.62,19388.5,60-80 elderly,middle
client00295,50,416,193134,13.62,26304.9,40-60 middle,middle
client00296,60,518,138748,9.81,13611.2,40-60 middle,high
client00297,38,512,263256,9.81,25825.4,25-40 adult,high
client00298,62,402,218505,13.62,29760.4,60-80 elderly,middle
client00299,53,230,95898,20.35,19515.2,40-60 middle,low
client00300,30,530,267680,9.81,26259.4,25-40 adult,high
client00301,60,488,254247,13.62,34628.4,40-60 middle,middle
client00302,61,278,229485,20.35,46700.2,60-80 elderly,low
client00303,57,682,85224,9.81,8360.5,40-60 middle,high
client00304,37,515,232292,9.81,22787.8,25-40 adult,high
client00305,53,100,175444,20.35,35702.9,40-60 middle,low
client00306,37,393,215605,13.62,29365.4,25-40 adult,middle
client00307,31,540,97783,9.81,9592.5,25-40 adult,high
client00308,68,693,96591,9.81,9475.6,60-80 elderly,high
client00309,56,770,241403,6.74,16270.6,40-60 middle,high
client00310,38,576,66541,9.81,6527.7,25-40 adult,high
client00311,46,552,237706,9.81,23319.0,40-60 middle,high
client00312,61,318,253473,13.62,34523.0,60-80 elderly,middle
client00313,50,584,297360,9.81,29171.0,40-60 middle,high
client00314,68,273,169977,20.35,34590.3,60-80 elderly,low
client00315,60,186,59695,20.35,12147.9,40-60 middle,low
client00316,36,627,79615,9.81,7810.2,25-40 adult,high
client00317,60,748,76605,6.74,5163.2,40-60 middle,high
client00318,57,443,61483,13.62,8374.0,40-60 middle,middle
client00319,23,340,257384,13.62,35055.7,18-25 young,middle
client00320,61,417,102289,13.62,13931.8,60-80 elderly,middle
client00321,32,303,282204,13.62,38436.2,25-40 adult,middle
client00322,27,125,60985,20.35,12410.4,25-40 adult,low
client00323,20,350,132731,13.62,18078.0,18-25 young,middle
client00324,48,725,80160,6.74,5402.8,40-60 middle,high
client00325,67,174,185104,20.35,37668.7,60-80 elderly,low
client00326,47,524,154392,9.81,15145.9,40-60 middle,high
client00327,58,689,96719,9.81,9488.1,40-60 middle,high
client00328,30,835,669408,2.35,15731.1,25-40 adult,high
client00329,62,493,174098,13.62,23712.1,60-80 elderly,middle
client00330,49,509,116404,9.81,11419.2,40-60 middle,high
client00331,33,251,59599,20.35,12128.4,25-40 adult,low
client00332,59,804,889882,2.35,20912.2,40-60 middle,high
client00333,18,209,219581,20.35,44684.7,18-25 young,low
client00334,67,535,100096,9.81,9819.4,60-80 elderly,high
client00335,32,280,125002,20.35,25437.9,25-40 adult,low
client00336,69,812,474314,2.35,11146.4,60-80 elderly,high
client00337,51,575,276004,9.81,27076.0,40-60 middle,high
client00338,21,670,95586,9.81,9377.0,18-25 young,high
client00339,33,224,62531,20.35,12725.1,25-40 adult,low
client00340,47,236,276963,20.35,56362.0,40-60 middle,low
client00341,69,575,221896,9.81,21768.0,60-80 elderly,high
client00342,60,643,80876,9.81,7933.9,40-60 middle,high
client00343,53,709,78952,6.74,5321.4,40-60 middle,high
client00344,38,553,82630,9.81,8106.0,25-40 adult,high
client00345,57,836,938171,2.35,22047.0,40-60 middle,high
client00346,50,536,146474,9.81,14369.1,40-60 middle,high
client00347,53,556,164544,9.81,16141.8,40-60 middle,high
client00348,28,586,283173,9.81,27779.3,25-40 adult,high
client00349,46,365,154863,13.62,21092.3,40-60 middle,middle
client00350,66,353,244853,13.62,33349.0,60-80 elderly,middle
client00351,58,383,165274,13.62,22510.3,40-60 middle,middle
client00352,67,633,99315,9.81,9742.8,60-80 elderly,high
client00353,49,741,82669,6.74,5571.9,40-60 middle,high
client00354,33,381,138876,13.62,18914.9,25-40 adult,middle
client00355,46,179,98973,20.35,20141.0,40-60 middle,low
client00356,63,392,180076,13.62,24526.4,60-80 elderly,middle
client00357,33,378,231421,13.62,31519.5,25-40 adult,middle
client00358,39,427,180422,13.62,24573.5,25-40 adult,middle
client00359,52,182,146297,20.35,29771.4,40-60 middle,low
client00360,26,254,292302,20.35,59483.5,25-40 adult,low
client00361,32,492,259005,13.62,35276.5,25-40 adult,middle
client00362,62,256,186125,20.35,37876.4,60-80 elderly,low
client00363,63,319,119919,13.62,16333.0,60-80 elderly,middle
client00364,22,524,260016,9.81,25507.6,18-25 young,high
client00365,44,438,71656,13.62,9759.5,40-60 middle,middle
client00366,52,577,240600,9.81,23602.9,40-60 middle,high
client00367,44,163,161280,20.35,32820.5,40-60 middle,low
client00368,31,530,70690,9.81,6934.7,25-40 adult,high
client00369,42,698,84110,9.81,8251.2,40-60 middle,high
client00370,62,120,207929,20.35,42313.6,60-80 elderly,low
client00371,66,689,96946,9.81,9510.4,60-80 elderly,high
client00372,42,588,97305,9.81,9545.6,40-60 middle,high
client00373,18,460,192992,13.62,26285.5,18-25 young,middle
client00374,37,499,127009,13.62,17298.6,25-40 adult,middle
client00375,44,651,80525,9.81,7899.5,40-60 middle,high
client00376,65,659,73361,9.81,7196.7,60-80 elderly,high
client00377,69,717,72623,6.74,4894.8,60-80 elderly,high
client00378,32,599,135962,9.81,13337.9,25-40 adult,high
client00379,32,379,223256,13.62,30407.5,25-40 adult,middle
client00380,45,597,127500,9.81,12507.8,40-60 middle,high
client00381,19,498,130346,13.62,17753.1,18-25 young,middle
client00382,39,784,567576,6.74,38254.6,25-40 adult,high
client00383,61,514,207973,9.81,20402.2,60-80 elderly,high
client00384,64,269,238131,20.35,48459.7,60-80 elderly,low
client00385,47,230,161703,20.35,32906.6,40-60 middle,low
client00386,57,646,75460,9.81,7402.6,40-60 middle,high
client00387,19,503,230817,9.81,22643.1,18-25 young,high
client00388,55,677,84545,9.81,8293.9,40-60 middle,high
client00389,60,127,142155,20.35,28928.5,40-60 middle,low
client00390,23,758,568849,6.74,38340.4,18-25 young,high
client00391,45,238,61103,20.35,12434.5,40-60 middle,low
client00392,47,286,240530,20.35,48947.9,40-60 middle,low
client00393,21,366,278075,13.62,37873.8,18-25 young,middle
client00394,42,435,288972,13.62,39358.0,40-60 middle,middle
client00395,31,565,142421,9.81,13971.5,25-40 adult,high
client00396,38,445,211179,13.62,28762.6,25-40 adult,middle
client00397,66,488,164017,13.62,22339.1,60-80 elderly,middle
client00398,35,531,121973,9.81,11965.6,25-40 adult,high
client00399,34,183,217633,20.35,44288.3,25-40 adult,low
client00400,48,119,257481,20.35,52397.4,40-60 middle,low
client00401,65,652,71879,9.81,7051.3,60-80 elderly,high
client00402,21,458,69671,13.62,9489.2,18-25 young,middle
client00403,32,765,803787,6.74,54175.2,25-40 adult,high
client00404,22,767,768480,6.74,51795.6,18-25 young,high
client00405,20,131,156485,20.35,31844.7,18-25 young,low
client00406,33,304,145239,13.62,19781.6,25-40 adult,middle
client00407,19,736,86812,6.74,5851.1,18-25 young,high
client00408,27,344,260002,13.62,35412.3,25-40 adult,middle
client00409,26,584,246581,9.81,24189.6,25-40 adult,high
client00410,60,217,228103,20.35,46419.0,40-60 middle,low
client00411,54,323,91939,13.62,12522.1,40-60 middle,middle
client00412,47,816,132653,2.35,3117.3,40-60 middle,high
client00413,34,477,87428,13.62,11907.7,25-40 adult,middle
client00414,28,720,97809,6.74,6592.3,25-40 adult,high
client00415,56,835,737086,2.35,17321.5,40-60 middle,high
client00416,25,267,227756,20.35,46348.3,18-25 young,low
client00417,37,210,254816,20.35,51855.1,25-40 adult,low
client00418,55,126,164864,20.35,33549.8,40-60 middle,low
client00419,37,689,71140,9.81,6978.8,25-40 adult,high
client00420,61,484,83090,13.62,11316.9,60-80 elderly,middle
client00421,43,832,170499,2.35,4006.7,40-60 middle,high
client00422,30,177,111864,20.35,22764.3,25-40 adult,low
client00423,55,807,916332,2.35,21533.8,40-60 middle,high
client00424,58,348,219125,13.62,29844.8,40-60 middle,middle
client00425,24,813,484123,2.35,11376.9,18-25 young,high
client00426,67,408,144935,13.62,19740.1,60-80 elderly,middle
client00427,61,714,82545,6.74,5563.5,60-80 elderly,high
client00428,69,223,298897,20.35,60825.5,60-80 elderly,low
client00429,68,679,88587,9.81,8690.4,60-80 elderly,high
client00430,68,142,58489,20.35,11902.5,60-80 elderly,low
client00431,40,645,89827,9.81,8812.0,25-40 adult,high
client00432,45,777,260891,6.74,17584.1,40-60 middle,high
client00433,41,170,228012,20.35,46400.4,40-60 middle,low
client00434,50,763,571778,6.74,38537.8,40-60 middle,high
client00435,39,112,298728,20.35,60791.1,25-40 adult,low
client00436,44,601,82155,9.81,8059.4,40-60 middle,high
client00437,24,543,147521,9.81,14471.8,18-25 young,high
client00438,41,750,565504,6.74,38115.0,40-60 middle,high
client00439,47,824,900152,2.35,21153.6,40-60 middle,high
client00440,27,545,70155,9.81,6882.2,25-40 adult,high
client00441,29,634,88806,9.81,8711.9,25-40 adult,high
client00442,59,376,86095,13.62,11726.1,40-60 middle,middle
client00443,57,651,87349,9.81,8568.9,40-60 middle,high
client00444,67,595,146193,9.81,14341.5,60-80 elderly,high
client00445,47,546,154342,9.81,15141.0,40-60 middle,high
client00446,70,848,429657,2.35,10096.9,60-80 elderly,high
client00447,55,374,220278,13.62,30001.9,40-60 middle,middle
client00448,38,351,123056,13.62,16760.2,25-40 adult,middle
client00449,23,385,115434,13.62,15722.1,18-25 young,middle
client00450,46,349,79739,13.62,10860.5,40-60 middle,middle
client00451,66,575,56793,9.81,5571.4,60-80 elderly,high
client00452,54,724,94106,6.74,6342.7,40-60 middle,high
client00453,60,488,98771,13.62,13452.6,40-60 middle,middle
client00454,39,129,180821,20.35,36797.1,25-40 adult,low
client00455,49,432,185723,13.62,25295.5,40-60 middle,middle
client00456,29,599,151446,9.81,14856.9,25-40 adult,high
client00457,31,463,289479,13.62,39427.0,25-40 adult,middle
client00458,69,364,197239,13.62,26864.0,60-80 elderly,middle
client00459,39,386,80870,13.62,11014.5,25-40 adult,middle
client00460,56,818,374492,2.35,8800.6,40-60 middle,high
client00461,35,669,95394,9.81,9358.2,25-40 adult,high
client00462,18,629,78529,9.81,7703.7,18-25 young,high
client00463,30,187,234559,20.35,47732.8,25-40 adult,low
client00464,33,837,567951,2.35,13346.8,25-40 adult,high
client00465,44,600,77031,9.81,7556.7,40-60 middle,high
client00466,53,346,210399,13.62,28656.3,40-60 middle,middle
client00467,62,587,124862,9.81,12249.0,60-80 elderly,high
client00468,59,828,827691,2.35,19450.7,40-60 middle,high
client00469,49,558,290249,9.81,28473.4,40-60 middle,high
client00470,68,117,178765,20.35,36378.7,60-80 elderly,low
client00471,23,401,102475,13.62,13957.1,18-25 young,middle
client00472,32,514,82148,9.81,8058.7,25-40 adult,high
client00473,62,349,85580,13.62,11656.0,60-80 elderly,middle
client00474,37,779,994253,6.74,67012.7,25-40 adult,high
client00475,55,477,69412,13.62,9453.9,40-60 middle,middle
client00476,48,666,84812,9.81,8320.1,40-60 middle,high
client00477,51,452,95260,13.62,12974.4,40-60 middle,middle
client00478,45,663,99447,9.81,9755.8,40-60 middle,high
client00479,39,460,237005,13.62,32280.1,25-40 adult,middle
client00480,62,564,166683,9.81,16351.6,60-80 elderly,high
client00481,35,413,73013,13.62,9944.4,25-40 adult,middle
client00482,34,336,262471,13.62,35748.6,25-40 adult,middle
client00483,25,838,815054,2.35,19153.8,18-25 young,high
client00484,30,423,271648,13.62,36998.5,25-40 adult,middle
client00485,25,648,80472,9.81,7894.3,18-25 young,high
client00486,66,806,800280,2.35,18806.6,60-80 elderly,high
client00487,29,296,141075,20.35,28708.8,25-40 adult,low
client00488,31,595,236001,9.81,23151.7,25-40 adult,high
client00489,35,841,168093,2.35,3950.2,25-40 adult,high
client00490,55,637,88022,9.81,8635.0,40-60 middle,high
client00491,56,389,192126,13.62,26167.6,40-60 middle,middle
client00492,24,298,126116,20.35,25664.6,18-25 young,low
client00493,36,332,283657,13.62,38634.1,25-40 adult,middle
client00494,41,283,128631,20.35,26176.4,40-60 middle,low
client00495,37,114,273179,20.35,55591.9,25-40 adult,low
client00496,63,646,75161,9.81,7373.3,60-80 elderly,high
client00497,26,380,236596,13.62,32224.4,25-40 adult,middle
client00498,20,155,236007,20.35,48027.4,18-25 young,low
client00499,53,399,293092,13.62,39919.1,40-60 middle,middle
client00500,62,229,233558,20.35,47529.1,60-80 elderly,low
client00501,58,602,90896,9.81,8916.9,40-60 middle,high
client00502,24,112,95636,20.35,19461.9,18-25 young,low
client00503,54,391,258062,13.62,35148.0,40-60 middle,middle
client00504,48,590,144763,9.81,14201.3,40-60 middle,high
client00505,46,448,183367,13.62,24974.6,40-60 middle,middle
client00506,29,152,108783,20.35,22137.3,25-40 adult,low
client00507,34,589,81814,9.81,8026.0,25-40 adult,high
client00508,25,166,102685,20.35,20896.4,18-25 young,low
client00509,43,603,95954,9.81,9413.1,40-60 middle,high
client00510,22,690,74550,9.81,7313.4,18-25 young,high
client00511,58,802,348235,2.35,8183.5,40-60 middle,high
client00512,21,255,257191,20.35,52338.4,18-25 young,low
client00513,27,676,86188,9.81,8455.0,25-40 adult,high
client00514,37,187,56890,20.35,11577.1,25-40 adult,low
client00515,33,221,144606,20.35,29427.3,25-40 adult,low
client00516,53,526,195233,9.81,19152.4,40-60 middle,high
client00517,56,710,88752,6.74,5981.9,40-60 middle,high
client00518,68,733,82088,6.74,5532.7,60-80 elderly,high
client00519,32,635,85315,9.81,8369.4,25-40 adult,high
client00520,42,561,260675,9.81,25572.2,40-60 middle,high
client00521,46,404,194610,13.62,26505.9,40-60 middle,middle
client00522,55,539,84018,9.81,8242.2,40-60 middle,high
client00523,37,682,90052,9.81,8834.1,25-40 adult,high
client00524,57,161,281799,20.35,57346.1,40-60 middle,low
client00525,57,201,72600,20.35,14774.1,40-60 middle,low
client00526,66,312,67235,13.62,9157.4,60-80 elderly,middle
client00527,58,316,131078,13.62,17852.8,40-60 middle,middle
client00528,34,776,517500,6.74,34879.5,25-40 adult,high
client00529,23,260,237939,20.35,48420.6,18-25 young,low
client00530,33,277,238447,20.35,48524.0,25-40 adult,low
client00531,53,176,175479,20.35,35710.0,40-60 middle,low
client00532,28,102,187807,20.35,38218.7,25-40 adult,low
client00533,44,561,157687,9.81,15469.1,40-60 middle,high
client00534,62,708,95203,6.74,6416.7,60-80 elderly,high
client00535,48,398,157330,13.62,21428.3,40-60 middle,middle
client00536,20,337,265833,13.62,36206.5,18-25 young,middle
client00537,36,823,702826,2.35,16516.4,25-40 adult,high
client00538,36,819,177333,2.35,4167.3,25-40 adult,high
client00539,47,172,82853,20.35,16860.6,40-60 middle,low
client00540,61,339,133106,13.62,18129.0,60-80 elderly,middle
client00541,34,740,91048,6.74,6136.6,25-40 adult,high
client00542,55,777,177767,6.74,11981.5,40-60 middle,high
client00543,69,302,167958,13.62,22875.9,60-80 elderly,middle
client00544,45,217,172115,20.35,35025.4,40-60 middle,low
client00545,52,330,228286,13.62,31092.6,40-60 middle,middle
client00546,59,252,185622,20.35,37774.1,40-60 middle,low
client00547,35,245,140312,20.35,28553.5,25-40 adult,low
client00548,22,161,83642,20.35,17021.1,18-25 young,low
client00549,28,414,280151,13.62,38156.6,25-40 adult,middle
client00550,56,682,97166,9.81,9532.0,40-60 middle,high
client00551,36,549,254541,9.81,24970.5,25-40 adult,high
client00552,25,579,194520,9.81,19082.4,18-25 young,high
client00553,62,411,217718,13.62,29653.2,60-80 elderly,middle
client00554,62,512,204084,9.81,20020.6,60-80 elderly,high
client00555,35,612,75962,9.81,7451.9,25-40 adult,high
client00556,52,605,95158,9.81,9335.0,40-60 middle,high
client00557,46,182,83825,20.35,17058.4,40-60 middle,low
client00558,56,140,163408,20.35,33253.5,40-60 middle,low
client00559,45,430,181822,13.62,24764.2,40-60 middle,middle
client00560,56,356,288737,13.62,39326.0,40-60 middle,middle
client00561,19,193,277596,20.35,56490.8,18-25 young,low
client00562,32,790,158104,6.74,10656.2,25-40 adult,high
client00563,54,701,97243,6.74,6554.2,40-60 middle,high
client00564,19,788,230192,6.74,15514.9,18-25 young,high
client00565,70,375,185817,13.62,25308.3,60-80 elderly,middle
client00566,54,141,90112,20.35,18337.8,40-60 middle,low
client00567,66,279,129724,20.35,26398.8,60-80 elderly,low
client00568,48,631,75395,9.81,7396.2,40-60 middle,high
client00569,59,552,92458,9.81,9070.1,40-60 middle,high
client00570,35,285,134583,20.35,27387.6,25-40 adult,low
client00571,55,546,295035,9.81,28942.9,40-60 middle,high
client00572,58,603,93243,9.81,9147.1,40-60 middle,high
client00573,23,581,109105,9.81,10703.2,18-25 young,high
client00574,40,518,140707,9.81,13803.4,25-40 adult,high
client00575,39,428,298377,13.62,40638.9,25-40 adult,middle
client00576,60,207,296652,20.35,60368.7,40-60 middle,low
client00577,28,437,186025,13.62,25336.6,25-40 adult,middle
client00578,44,810,397846,2.35,9349.4,40-60 middle,high
client00579,49,395,271756,13.62,37013.2,40-60 middle,middle
client00580,60,510,70672,9.81,6932.9,40-60 middle,high
client00581,70,663,78211,9.81,7672.5,60-80 elderly,high
client00582,20,565,101459,9.81,9953.1,18-25 young,high
client00583,23,422,216476,13.62,29484.0,18-25 young,middle
client00584,34,431,194399,13.62,26477.1,25-40 adult,middle
client00585,25,513,121945,9.81,11962.8,18-25 young,high
client00586,50,101,82812,20.35,16852.2,40-60 middle,low
client00587,60,655,90480,9.81,8876.1,40-60 middle,high
client00588,47,523,129383,9.81,12692.5,40-60 middle,high
client00589,21,292,211068,20.35,42952.3,18-25 young,low
client00590,51,470,189848,13.62,25857.3,40-60 middle,middle
client00591,57,610,73061,9.81,7167.3,40-60 middle,high
client00592,58,552,181746,9.81,17829.3,40-60 middle,high
client00593,66,152,218031,20.35,44369.3,60-80 elderly,low
client00594,31,373,94206,13.62,12830.9,25-40 adult,middle
client00595,53,234,205139,20.35,41745.8,40-60 middle,low
client00596,36,548,296836,9.81,29119.6,25-40 adult,high
client00597,62,596,202212,9.81,19837.0,60-80 elderly,high
client00598,25,129,90421,20.35,18400.7,18-25 young,low
client00599,58,723,75609,6.74,5096.0,40-60 middle,high
client00600,69,345,222682,13.62,30329.3,60-80 elderly,middle
client00601,63,262,213703,20.35,43488.6,60-80 elderly,low
client00602,37,664,93613,9.81,9183.4,25-40 adult,high
client00603,18,665,99556,9.81,9766.4,18-25 young,high
client00604,44,195,208633,20.35,42456.8,40-60 middle,low
client00605,32,216,138504,20.35,28185.6,25-40 adult,low
client00606,47,220,270864,20.35,55120.8,40-60 middle,low
client00607,59,257,292202,20.35,59463.1,40-60 middle,low
client00608,49,833,690996,2.35,16238.4,40-60 middle,high
client00609,36,621,71349,9.81,6999.3,25-40 adult,high
client00610,63,379,266330,13.62,36274.1,60-80 elderly,middle
client00611,44,594,276435,9.81,27118.3,40-60 middle,high
client00612,48,349,57437,13.62,7822.9,40-60 middle,middle
client00613,47,664,72661,9.81,7128.0,40-60 middle,high
client00614,27,492,61917,13.62,8433.1,25-40 adult,middle
client00615,30,713,91019,6.74,6134.7,25-40 adult,high
client00616,50,239,252118,20.35,51306.0,40-60 middle,low
client00617,22,382,201197,13.62,27403.0,18-25 young,middle
client00618,67,524,119377,9.81,11710.9,60-80 elderly,high
client00619,39,619,91336,9.81,8960.1,25-40 adult,high
client00620,35,102,105262,20.35,21420.8,25-40 adult,low
client00621,36,843,904214,2.35,21249.0,25-40 adult,high
client00622,37,701,88747,6.74,5981.5,25-40 adult,high
client00623,55,775,536822,6.74,36181.8,40-60 middle,high
client00624,49,252,212033,20.35,43148.7,40-60 middle,low
client00625,46,651,90938,9.81,8921.0,40-60 middle,high
client00626,48,453,57939,13.62,7891.3,40-60 middle,middle
client00627,39,665,86319,9.81,8467.9,25-40 adult,high
client00628,66,656,99130,9.81,9724.7,60-80 elderly,high
client00629,42,566,214407,9.81,21033.3,40-60 middle,high
client00630,38,293,193019,20.35,39279.4,25-40 adult,low
client00631,62,344,125935,13.62,17152.3,60-80 elderly,middle
client00632,54,492,218272,13.62,29728.6,40-60 middle,middle
client00633,32,520,129192,9.81,12673.7,25-40 adult,high
client00634,20,425,176601,13.62,24053.1,18-25 young,middle
client00635,65,584,114193,9.81,11202.3,60-80 elderly,high
client00636,63,490,260944,13.62,35540.6,60-80 elderly,middle
client00637,42,779,946567,6.74,63798.6,40-60 middle,high
client00638,68,767,818264,6.74,55151.0,60-80 elderly,high
client00639,27,607,83306,9.81,8172.3,25-40 adult,high
client00640,20,229,127970,20.35,26041.9,18-25 young,low
client00641,50,704,84861,6.74,5719.6,40-60 middle,high
client00642,39,202,69129,20.35,14067.8,25-40 adult,low
client00643,46,202,230515,20.35,46909.8,40-60 middle,low
client00644,51,567,65705,9.81,6445.7,40-60 middle,high
client00645,18,839,265759,2.35,6245.3,18-25 young,high
client00646,27,519,165239,9.81,16209.9,25-40 adult,high
client00647,59,258,158952,20.35,32346.7,40-60 middle,low
client00648,22,580,176943,9.81,17358.1,18-25 young,high
client00649,68,371,171750,13.62,23392.4,60-80 elderly,middle
client00650,39,738,76685,6.74,5168.6,25-40 adult,high
client00651,62,507,139179,9.81,13653.5,60-80 elderly,high
client00652,59,182,209032,20.35,42538.0,40-60 middle,low
client00653,39,790,250647,6.74,16893.6,25-40 adult,high
client00654,52,489,131941,13.62,17970.4,40-60 middle,middle
client00655,38,741,98229,6.74,6620.6,25-40 adult,high
client00656,63,599,238314,9.81,23378.6,60-80 elderly,high
client00657,52,136,133706,20.35,27209.2,40-60 middle,low
client00658,57,170,242466,20.35,49341.8,40-60 middle,low
client00659,33,746,98205,6.74,6619.0,25-40 adult,high
client00660,61,394,140536,13.62,19141.0,60-80 elderly,middle
client00661,32,192,154521,20.35,31445.0,25-40 adult,low
client00662,45,200,84279,20.35,17150.8,40-60 middle,low
client00663,66,748,94925,6.74,6397.9,60-80 elderly,high
client00664,63,202,147134,20.35,29941.8,60-80 elderly,low
client00665,46,270,184998,20.35,37647.1,40-60 middle,low
client00666,62,406,197233,13.62,26863.1,60-80 elderly,middle
client00667,19,147,77835,20.35,15839.4,18-25 young,low
client00668,38,157,133654,20.35,27198.6,25-40 adult,low
client00669,36,467,113370,13.62,15441.0,25-40 adult,middle
client00670,41,541,172282,9.81,16900.9,40-60 middle,high
client00671,27,350,82118,13.62,11184.5,25-40 adult,middle
client00672,51,521,120116,9.81,11783.4,40-60 middle,high
client00673,54,798,571435,6.74,38514.7,40-60 middle,high
client00674,68,284,114990,20.35,23400.5,60-80 elderly,low
client00675,28,279,86930,20.35,17690.3,25-40 adult,low
client00676,23,724,73172,6.74,4931.8,18-25 young,high
client00677,42,734,71658,6.74,4829.7,40-60 middle,high
client00678,61,346,126077,13.62,17171.7,60-80 elderly,middle
client00679,49,697,82587,9.81,8101.8,40-60 middle,high
client00680,27,337,276535,13.62,37664.1,25-40 adult,middle
client00681,47,753,745270,6.74,50231.2,40-60 middle,high
client00682,34,570,159611,9.81,15657.8,25-40 adult,high
client00683,34,782,360330,6.74,24286.2,25-40 adult,high
client00684,18,576,276835,9.81,27157.5,18-25 young,high
client00685,36,793,267457,6.74,18026.6,25-40 adult,high
client00686,52,261,263248,20.35,53571.0,40-60 middle,low
client00687,22,552,135835,9.81,13325.4,18-25 young,high
client00688,40,701,88929,6.74,5993.8,25-40 adult,high
client00689,37,754,856157,6.74,57705.0,25-40 adult,high
client00690,45,806,427905,2.35,10055.8,40-60 middle,high
client00691,34,567,99763,9.81,9786.8,25-40 adult,high
client00692,37,303,250047,13.62,34056.4,25-40 adult,middle
client00693,42,594,91770,9.81,9002.6,40-60 middle,high
client00694,24,342,180617,13.62,24600.0,18-25 young,middle
client00695,42,685,86866,9.81,8521.6,40-60 middle,high
client00696,40,688,85296,9.81,8367.5,25-40 adult,high
client00697,36,816,622987,2.35,14640.2,25-40 adult,high
client00698,36,122,280444,20.35,57070.4,25-40 adult,low
client00699,60,505,130882,9.81,12839.5,40-60 middle,high
client00700,35,108,180382,20.35,36707.7,25-40 adult,low
client00701,54,802,124302,2.35,2921.1,40-60 middle,high
client00702,67,150,73605,20.35,14978.6,60-80 elderly,low
client00703,56,608,82885,9.81,8131.0,40-60 middle,high
client00704,36,335,182499,13.62,24856.4,25-40 adult,middle
client00705,56,460,169860,13.62,23134.9,40-60 middle,middle
client00706,32,751,352422,6.74,23753.2,25-40 adult,high
client00707,30,735,77049,6.74,5193.1,25-40 adult,high
client00708,34,794,711680,6.74,47967.2,25-40 adult,high
client00709,66,838,470037,2.35,11045.9,60-80 elderly,high
client00710,67,775,151021,6.74,10178.8,60-80 elderly,high
client00711,61,240,63248,20.35,12871.0,60-80 elderly,low
client00712,58,199,123755,20.35,25184.1,40-60 middle,low
client00713,58,761,618934,6.74,41716.2,40-60 middle,high
client00714,20,416,206635,13.62,28143.7,18-25 young,middle
client00715,68,551,281299,9.81,27595.4,60-80 elderly,high
client00716,20,693,97618,9.81,9576.3,18-25 young,high
client00717,41,849,786041,2.35,18472.0,40-60 middle,high
client00718,26,192,226297,20.35,46051.4,25-40 adult,low
client00719,36,434,173361,13.62,23611.8,25-40 adult,middle
client00720,65,525,124907,9.81,12253.4,60-80 elderly,high
client00721,29,305,190690,13.62,25972.0,25-40 adult,middle
client00722,26,652,70267,9.81,6893.2,25-40 adult,high
client00723,41,643,97760,9.81,9590.3,40-60 middle,high
client00724,50,379,78179,13.62,10648.0,40-60 middle,middle
client00725,28,363,162965,13.62,22195.8,25-40 adult,middle
client00726,70,593,85110,9.81,8349.3,60-80 elderly,high
client00727,69,402,281330,13.62,38317.1,60-80 elderly,middle
client00728,65,446,119329,13.62,16252.6,60-80 elderly,middle
client00729,69,217,240711,20.35,48984.7,60-80 elderly,low
client00730,47,177,145886,20.35,29687.8,40-60 middle,low
client00731,27,331,250240,13.62,34082.7,25-40 adult,middle
client00732,61,841,522842,2.35,12286.8,60-80 elderly,high
client00733,61,506,145928,9.81,14315.5,60-80 elderly,high
client00734,69,670,71482,9.81,7012.4,60-80 elderly,high
client00735,41,192,155010,20.35,31544.5,40-60 middle,low
client00736,68,504,63410,9.81,6220.5,60-80 elderly,high
client00737,18,370,199495,13.62,27171.2,18-25 young,middle
client00738,52,226,197276,20.35,40145.7,40-60 middle,low
client00739,47,477,101027,13.62,13759.9,40-60 middle,middle
client00740,61,788,480133,6.74,32361.0,60-80 elderly,high
client00741,34,698,88128,9.81,8645.4,25-40 adult,high
client00742,42,753,402620,6.74,27136.6,40-60 middle,high
client00743,41,210,69275,20.35,14097.5,40-60 middle,low
client00744,61,339,151279,13.62,20604.2,60-80 elderly,middle
client00745,48,125,182187,20.35,37075.1,40-60 middle,low
client00746,57,674,84757,9.81,8314.7,40-60 middle,high
client00747,38,724,95047,6.74,6406.2,25-40 adult,high
client00748,32,763,676566,6.74,45600.5,25-40 adult,high
client00749,22,750,393308,6.74,26509.0,18-25 young,high
client00750,70,575,266350,9.81,26128.9,60-80 elderly,high
client00751,62,409,213379,13.62,29062.2,60-80 elderly,middle
client00752,59,518,228362,9.81,22402.3,40-60 middle,high
client00753,25,243,210181,20.35,42771.8,18-25 young,low
client00754,20,138,81145,20.35,16513.0,18-25 young,low
client00755,37,604,74216,9.81,7280.6,25-40 adult,high
client00756,25,199,75344,20.35,15332.5,18-25 young,low
client00757,33,650,82907,9.81,8133.2,25-40 adult,high
client00758,26,497,147831,13.62,20134.6,25-40 adult,middle
client00759,47,479,258377,13.62,35190.9,40-60 middle,middle
client00760,60,813,455556,2.35,10705.6,40-60 middle,high
client00761,52,529,196232,9.81,19250.4,40-60 middle,high
client00762,55,844,483366,2.35,11359.1,40-60 middle,high
client00763,27,524,247909,9.81,24319.9,25-40 adult,high
client00764,59,201,87818,20.35,17871.0,40-60 middle,low
client00765,49,730,76522,6.74,5157.6,40-60 middle,high
client00766,44,386,207932,13.62,28320.3,40-60 middle,middle
client00767,20,806,633853,2.35,14895.5,18-25 young,high
client00768,41,322,155221,13.62,21141.1,40-60 middle,middle
client00769,46,555,181092,9.81,17765.1,40-60 middle,high
client00770,33,471,60552,13.62,8247.2,25-40 adult,middle
client00771,24,802,147504,2.35,3466.3,18-25 young,high
client00772,41,657,71275,9.81,6992.1,40-60 middle,high
client00773,59,467,85923,13.62,11702.7,40-60 middle,middle
client00774,21,507,237063,9.81,23255.9,18-25 young,high
client00775,35,294,137304,20.35,27941.4,25-40 adult,low
client00776,25,565,260754,9.81,25580.0,18-25 young,high
client00777,23,778,596756,6.74,40221.4,18-25 young,high
client00778,31,757,644559,6.74,43443.3,25-40 adult,high
client00779,58,711,84974,6.74,5727.2,40-60 middle,high
client00780,19,151,89043,20.35,18120.3,18-25 young,low
client00781,68,441,208927,13.62,28455.9,60-80 elderly,middle
client00782,33,228,284129,20.35,57820.3,25-40 adult,low
client00783,68,678,86892,9.81,8524.1,60-80 elderly,high
client00784,31,170,86642,20.35,17631.6,25-40 adult,low
client00785,66,667,80746,9.81,7921.2,60-80 elderly,high
client00786,31,700,90089,9.81,8837.7,25-40 adult,high
client00787,31,338,133500,13.62,18182.7,25-40 adult,middle
client00788,39,251,92598,20.35,18843.7,25-40 adult,low
client00789,68,710,82876,6.74,5585.8,60-80 elderly,high
client00790,18,383,211611,13.62,28821.4,18-25 young,middle
client00791,27,233,243808,20.35,49614.9,25-40 adult,low
client00792,52,356,270883,13.62,36894.3,40-60 middle,middle
client00793,69,278,128442,20.35,26137.9,60-80 elderly,low
client00794,25,776,722565,6.74,48700.9,18-25 young,high
client00795,19,234,138178,20.35,28119.2,18-25 young,low
client00796,18,466,182989,13.62,24923.1,18-25 young,middle
client00797,68,343,267131,13.62,36383.2,60-80 elderly,middle
client00798,55,431,183618,13.62,25008.8,40-60 middle,middle
client00799,19,278,189549,20.35,38573.2,18-25 young,low
client00800,34,153,178410,20.35,36306.4,25-40 adult,low
client00801,26,531,235791,9.81,23131.1,25-40 adult,high
client00802,51,216,197567,20.35,40204.9,40-60 middle,low
client00803,65,165,128588,20.35,26167.7,60-80 elderly,low
client00804,48,559,174490,9.81,17117.5,40-60 middle,high
client00805,67,470,263843,13.62,35935.4,60-80 elderly,middle
client00806,50,707,70545,6.74,4754.7,40-60 middle,high
client00807,24,562,146562,9.81,14377.7,18-25 young,high
client00808,50,326,136832,13.62,18636.5,40-60 middle,middle
client00809,57,144,226634,20.35,46120.0,40-60 middle,low
client00810,64,774,214928,6.74,14486.1,60-80 elderly,high
client00811,51,408,159193,13.62,21682.1,40-60 middle,middle
client00812,47,758,712056,6.74,47992.6,40-60 middle,high
client00813,19,162,130655,20.35,26588.3,18-25 young,low
client00814,48,511,258864,9.81,25394.6,40-60 middle,high
client00815,45,802,860557,2.35,20223.1,40-60 middle,high
client00816,24,602,98576,9.81,9670.3,18-25 young,high
client00817,63,554,230366,9.81,22598.9,60-80 elderly,high
client00818,22,182,214956,20.35,43743.5,18-25 young,low
client00819,38,722,70873,6.74,4776.8,25-40 adult,high
client00820,27,167,206476,20.35,42017.9,25-40 adult,low
client00821,26,381,174410,13.62,23754.6,25-40 adult,middle
client00822,57,748,78700,6.74,5304.4,40-60 middle,high
client00823,55,661,91482,9.81,8974.4,40-60 middle,high
client00824,63,432,255233,13.62,34762.7,60-80 elderly,middle
client00825,42,711,95433,6.74,6432.2,40-60 middle,high
client00826,51,401,201643,13.62,27463.8,40-60 middle,middle
client00827,47,617,88927,9.81,8723.7,40-60 middle,high
client00828,56,540,109649,9.81,10756.6,40-60 middle,high
client00829,24,818,856442,2.35,20126.4,18-25 young,high
client00830,25,770,153849,6.74,10369.4,18-25 young,high
client00831,59,664,89120,9.81,8742.7,40-60 middle,high
client00832,64,320,175946,13.62,23963.8,60-80 elderly,middle
client00833,45,562,94698,9.81,9289.9,40-60 middle,high
client00834,32,523,187424,9.81,18386.3,25-40 adult,high
client00835,39,564,214895,9.81,21081.2,25-40 adult,high
client00836,43,525,239053,9.81,23451.1,40-60 middle,high
client00837,64,197,212460,20.35,43235.6,60-80 elderly,low
client00838,38,537,253058,9.81,24825.0,25-40 adult,high
client00839,38,781,982027,6.74,66188.6,25-40 adult,high
client00840,34,483,149664,13.62,20384.2,25-40 adult,middle
client00841,27,803,254954,2.35,5991.4,25-40 adult,high
client00842,48,168,265393,20.35,54007.5,40-60 middle,low
client00843,23,187,228448,20.35,46489.2,18-25 young,low
client00844,23,542,113490,9.81,11133.4,18-25 young,high
client00845,24,481,58276,13.62,7937.2,18-25 young,middle
client00846,69,233,200095,20.35,40719.3,60-80 elderly,low
client00847,53,161,298566,20.35,60758.2,40-60 middle,low
client00848,55,675,92954,9.81,9118.8,40-60 middle,high
client00849,53,437,78808,13.62,10733.6,40-60 middle,middle
client00850,60,225,100012,20.35,20352.4,40-60 middle,low
client00851,44,462,54964,13.62,7486.1,40-60 middle,middle
client00852,60,533,165615,9.81,16246.8,40-60 middle,high
client00853,64,152,132232,20.35,26909.2,60-80 elderly,low
client00854,36,714,83722,6.74,5642.9,25-40 adult,high
client00855,37,460,89696,13.62,12216.6,25-40 adult,middle
client00856,24,691,83531,9.81,8194.4,18-25 young,high
client00857,50,317,231010,13.62,31463.6,40-60 middle,middle
client00858,27,772,313795,6.74,21149.8,25-40 adult,high
client00859,48,329,157577,13.62,21462.0,40-60 middle,middle
client00860,24,458,181548,13.62,24726.8,18-25 young,middle
client00861,53,476,253154,13.62,34479.6,40-60 middle,middle
client00862,25,385,210295,13.62,28642.2,18-25 young,middle
client00863,54,331,291309,13.62,39676.3,40-60 middle,middle
client00864,69,539,173628,9.81,17032.9,60-80 elderly,high
client00865,53,736,98600,6.74,6645.6,40-60 middle,high
client00866,57,791,989587,6.74,66698.2,40-60 middle,high
client00867,59,670,94111,9.81,9232.3,40-60 middle,high
client00868,19,723,93835,6.74,6324.5,18-25 young,high
client00869,60,810,165306,2.35,3884.7,40-60 middle,high
client00870,35,129,235014,20.35,47825.3,25-40 adult,low
client00871,29,379,86197,13.62,11740.0,25-40 adult,middle
client00872,62,416,185969,13.62,25329.0,60-80 elderly,middle
client00873,39,459,104353,13.62,14212.9,25-40 adult,middle
client00874,18,285,197033,20.35,40096.2,18-25 young,low
client00875,27,679,80651,9.81,7911.9,25-40 adult,high
client00876,60,510,223598,9.81,21935.0,40-60 middle,high
client00877,22,245,175402,20.35,35694.3,18-25 young,low
client00878,65,748,87218,6.74,5878.5,60-80 elderly,high
client00879,19,193,148782,20.35,30277.1,18-25 young,low
client00880,65,643,80281,9.81,7875.6,60-80 elderly,high
client00881,31,485,95398,13.62,12993.2,25-40 adult,middle
client00882,44,564,170498,9.81,16725.9,40-60 middle,high
client00883,39,261,289107,20.35,58833.3,25-40 adult,low
client00884,41,419,189756,13.62,25844.8,40-60 middle,middle
client00885,64,432,139738,13.62,19032.3,60-80 elderly,middle
client00886,67,681,87900,9.81,8623.0,60-80 elderly,high
client00887,56,186,142874,20.35,29074.9,40-60 middle,low
client00888,21,259,227174,20.35,46229.9,18-25 young,low
client00889,28,732,95296,6.74,6423.0,25-40 adult,high
client00890,21,790,855944,6.74,57690.6,18-25 young,high
client00891,23,378,228453,13.62,31115.3,18-25 young,middle
client00892,46,777,774558,6.74,52205.2,40-60 middle,high
client00893,45,597,260672,9.81,25571.9,40-60 middle,high
client00894,56,552,231747,9.81,22734.4,40-60 middle,high
client00895,44,379,119300,13.62,16248.7,40-60 middle,middle
client00896,31,624,89990,9.81,8828.0,25-40 adult,high
client00897,25,453,176924,13.62,24097.0,18-25 young,middle
client00898,45,213,100400,20.35,20431.4,40-60 middle,low
client00899,36,794,358494,6.74,24162.5,25-40 adult,high
client00900,61,707,79142,6.74,5334.2,60-80 elderly,high
client00901,49,639,88287,9.81,8661.0,40-60 middle,high
client00902,60,415,128249,13.62,17467.5,40-60 middle,middle
client00903,20,325,108947,13.62,14838.6,18-25 young,middle
client00904,43,713,79752,6.74,5375.3,40-60 middle,high
client00905,21,107,252158,20.35,51314.2,18-25 young,low
client00906,31,408,125760,13.62,17128.5,25-40 adult,middle
client00907,31,240,234785,20.35,47778.7,25-40 adult,low
client00908,66,361,104336,13.62,14210.6,60-80 elderly,middle
client00909,36,435,230942,13.62,31454.3,25-40 adult,middle
client00910,25,107,234808,20.35,47783.4,18-25 young,low
client00911,49,540,178189,9.81,17480.3,40-60 middle,high
client00912,29,232,133110,20.35,27087.9,25-40 adult,low
client00913,42,645,85722,9.81,8409.3,40-60 middle,high
client00914,63,335,141436,13.62,19263.6,60-80 elderly,middle
client00915,50,672,88366,9.81,8668.7,40-60 middle,high
client00916,60,462,294763,13.62,40146.7,40-60 middle,middle
client00917,22,506,294969,9.81,28936.5,18-25 young,high
client00918,65,143,258510,20.35,52606.8,60-80 elderly,low
client00919,45,119,239179,20.35,48672.9,40-60 middle,low
client00920,47,179,121685,20.35,24762.9,40-60 middle,low
client00921,38,689,79430,9.81,7792.1,25-40 adult,high
client00922,45,687,73993,9.81,7258.7,40-60 middle,high
client00923,43,826,701334,2.35,16481.3,40-60 middle,high
client00924,58,527,227372,9.81,22305.2,40-60 middle,high
client00925,36,217,192394,20.35,39152.2,25-40 adult,low
client00926,43,121,149534,20.35,30430.2,40-60 middle,low
client00927,38,275,284818,20.35,57960.5,25-40 adult,low
client00928,69,732,82928,6.74,5589.3,60-80 elderly,high
client00929,47,806,958130,2.35,22516.1,40-60 middle,high
client00930,41,190,140474,20.35,28586.5,40-60 middle,low
client00931,45,208,252654,20.35,51415.1,40-60 middle,low
client00932,33,546,260925,9.81,25596.7,25-40 adult,high
client00933,55,510,88397,9.81,8671.7,40-60 middle,high
client00934,51,180,126140,20.35,25669.5,40-60 middle,low
client00935,43,417,61027,13.62,8311.9,40-60 middle,middle
client00936,65,447,125400,13.62,17079.5,60-80 elderly,middle
client00937,32,441,237207,13.62,32307.6,25-40 adult,middle
client00938,67,272,70717,20.35,14390.9,60-80 elderly,low
client00939,22,622,81349,9.81,7980.3,18-25 young,high
client00940,58,216,292223,20.35,59467.4,40-60 middle,low
client00941,51,622,84495,9.81,8289.0,40-60 middle,high
client00942,30,457,221959,13.62,30230.8,25-40 adult,middle
client00943,40,844,368900,2.35,8669.2,25-40 adult,high
client00944,70,760,883641,6.74,59557.4,60-80 elderly,high
client00945,70,251,175587,20.35,35732.0,60-80 elderly,low
client00946,33,205,106095,20.35,21590.3,25-40 adult,low
client00947,27,362,102970,13.62,14024.5,25-40 adult,middle
client00948,30,277,267042,20.35,54343.0,25-40 adult,low
client00949,56,256,191184,20.35,38905.9,40-60 middle,low
client00950,66,771,384303,6.74,25902.0,60-80 elderly,high
client00951,22,281,294586,20.35,59948.3,18-25 young,low
client00952,67,743,88416,6.74,5959.2,60-80 elderly,high
client00953,49,575,232497,9.81,22808.0,40-60 middle,high
client00954,66,677,78900,9.81,7740.1,60-80 elderly,high
client00955,66,693,74498,9.81,7308.3,60-80 elderly,high
client00956,46,797,214532,6.74,14459.5,40-60 middle,high
client00957,54,758,745584,6.74,50252.4,40-60 middle,high
client00958,58,739,94277,6.74,6354.3,40-60 middle,high
client00959,38,742,89229,6.74,6014.0,25-40 adult,high
client00960,38,254,112726,20.35,22939.7,25-40 adult,low
client00961,46,169,113558,20.35,23109.1,40-60 middle,low
client00962,48,552,63307,9.81,6210.4,40-60 middle,high
client00963,58,410,225592,13.62,30725.6,40-60 middle,middle
client00964,68,381,287288,13.62,39128.6,60-80 elderly,middle
client00965,55,157,189209,20.35,38504.0,40-60 middle,low
client00966,40,619,77394,9.81,7592.4,25-40 adult,high
client00967,22,417,217233,13.62,29587.1,18-25 young,middle
client00968,47,562,111036,9.81,10892.6,40-60 middle,high
client00969,20,158,63760,20.35,12975.2,18-25 young,low
client00970,41,393,76266,13.62,10387.4,40-60 middle,middle
client00971,22,760,533377,6.74,35949.6,18-25 young,high
client00972,23,729,80823,6.74,5447.5,18-25 young,high
client00973,56,619,93506,9.81,9172.9,40-60 middle,high
client00974,42,573,173837,9.81,17053.4,40-60 middle,high
client00975,55,667,73294,9.81,7190.1,40-60 middle,high
client00976,68,142,228570,20.35,46514.0,60-80 elderly,low
client00977,46,685,95256,9.81,9344.6,40-60 middle,high
client00978,59,292,86036,20.35,17508.3,40-60 middle,low
client00979,38,719,70169,6.74,4729.4,25-40 adult,high
client00980,48,613,88033,9.81,8636.0,40-60 middle,high
client00981,27,163,293557,20.35,59738.8,25-40 adult,low
client00982,46,205,91403,20.35,18600.5,40-60 middle,low
client00983,69,451,156668,13.62,21338.2,60-80 elderly,middle
client00984,63,186,221151,20.35,45004.2,60-80 elderly,low
client00985,50,761,598807,6.74,40359.6,40-60 middle,high
client00986,29,140,175160,20.35,35645.1,25-40 adult,low
client00987,33,824,782139,2.35,18380.3,25-40 adult,high
client00988,46,549,102286,9.81,10034.3,40-60 middle,high
client00989,51,635,94769,9.81,9296.8,40-60 middle,high
client00990,57,262,125299,20.35,25498.3,40-60 middle,low
client00991,41,481,134192,13.62,18277.0,40-60 middle,middle
client00992,36,496,124819,13.62,17000.3,25-40 adult,middle
client00993,44,446,219318,13.62,29871.1,40-60 middle,middle
client00994,61,712,71938,6.74,4848.6,60-80 elderly,high
client00995,21,746,99751,6.74,6723.2,18-25 young,high
client00996,59,442,251516,13.62,34256.5,40-60 middle,middle
client00997,22,437,73451,13.62,10004.0,18-25 young,middle
client00998,24,671,91374,9.81,8963.8,18-25 young,high
client00999,61,495,200505,13.62,27308.8,60-80 elderly,middle
client01000,36,358,110875,13.62,15101.2,25-40 adult,middle
